{"cameraMode":{"drawMode":0,"name":"Shaded","section":"Shading Mode"},"sceneLighting":false,"audioPlay":false,"sceneViewState":{"m_AlwaysRefresh":false,"showFog":true,"showSkybox":false,"showFlares":true,"showImageEffects":true,"showParticleSystems":true,"showVisualEffectGraphs":true,"m_FxEnabled":true},"in2DMode":false,"pivot":{"x":0.000005245208740234375,"y":0.16697853803634644,"z":0.01636628806591034},"rotation":{"x":0.055148497223854068,"y":-0.10762445628643036,"z":0.005979070905596018,"w":0.9926450252532959},"size":1.8693091869354249,"orthographic":true}